wav_id,left_channel,right_channel
2011-08-23-d,JSD318,
2008-09-13-d,RMM302,
2008-09-12-d,RMM302,
2008-09-11-d,RMM302,
2011-07-14-d,RMM302,
2012-07-31-d,LOS358,CGN309
2014-07-28-d,AND308,HSO366
2011-07-28-d,AND308,JSD318
2013-07-19-d,AND308,JVC313
2012-08-02-d,AND308,JVC313
2013-07-22-d,AND308,JVC313
2011-07-13-d,AND308,JVC313
2011-07-22-d,AND308,JVC313
2014-07-23-d,AND308,
2012-07-20-d,CGN309,MJT354
2012-07-26-d,CGN309,MSO325
2012-07-17-d,DZD352,RMM302
2011-07-25-d,EGS301,MSO325
2014-07-25-d,HSO366,AND308
2010-07-29-d,JSD318,
2014-07-24-d,JVC313,AND308
2013-07-20-d,JVC313,AND308
2012-07-18-d,JVC313,AND308
2011-07-18-d,JVC313,AND308
2012-08-03-d,JVC313,AND308
2013-07-21-d,JVC313,AND308
2012-07-27-d,JVC313,AND308
2012-07-30-d,JVC313,AND308
2011-07-29-d,JVC313,
2010-07-28-d,JVC313,
2012-07-19-d,JVC313,
2012-07-16-d,JVC313,
2011-07-21-d,MGG317,CVH329
2012-07-24-d,MHO316,OLB355
2012-07-23-d,RMM302,EGS301
2011-07-27-d,MGV330,MSO325
2011-07-19-d,MFC307,MJS324
2010-07-27-d,MFC307,
2012-07-25-d,JVC313,MJT354
2010-07-21-d,JVC313,
2010-07-15-d,ESL311,
2011-07-20-d,MSO325,
2011-07-26-d,MFC307,
2009-09-23-d,JSI331,
2009-09-25-d,MFC307,
2010-07-14-d,CGN309,
2010-07-22-d,MHO316,
2011-07-15-d,MMD322,
2009-09-22-d,RMM302,
2010-07-31-d,AND308,
2010-07-16-d,MFM310,
2009-09-24-d,RMM302,
2011-08-24-d,MFF319,
2009-09-26-d,LBB332,
2009-09-20-d,JSI331,
2013-04-05-d,JVC313,RMM302
2013-04-04-d,JVC313,RMM302
2010-07-30-d,JVC313,
2010-07-26-d,MGG317,JVC313
2010-07-13-d,MFC307,
2010-07-20-d,PSC320,
2011-07-25-o,RMM302,
2011-07-22-o,AND308,JVC313
2012-08-02-o,AND308,JVC313
2013-07-22-o,AND308,JVC313
2011-07-13-o,AND308,
2012-07-31-o,CGN309,ADA300
2012-07-26-o,CGN309,MSO325
2014-07-25-o,HSO366,JVC313
2012-07-18-o,JVC313,AND308
2012-08-03-o,JVC313,AND308
2012-07-27-o,JVC313,AND308
2011-07-18-o,JVC313,AND308
2011-07-29-o,JVC313,EGS302
2014-07-23-o,JVC313,HSO366
2012-07-19-o,JVC313,
2013-07-21-o,JVC313,
2012-07-17-o,MSO325,RMM302
2012-07-23-o,RMM302,EGS301
2011-07-21-o,CVH329,
2011-07-19-o,MFC307,MJS324
2011-07-26-o,MFC307,
2012-07-25-o,MJT354,JVC313
2012-07-20-o,CGN309,FRP353
2010-07-28-o,MFC314,RMM302
2011-07-15-o,MMD322,
2010-07-31-o,AND308,
2009-09-23-o,JSI331,
2009-09-24-o,SSM336,
2010-07-21-o,MFC314,
2011-08-23-o,LFF343,
2010-07-22-o,AND308,
2010-07-26-o,JVC313,FHR321
2010-07-30-o,JVC313,